Artist,artist_id
Tommy Richman,1
Kendrick Lamar,2
Artemas,3
Miley Cyrus,4
Eminem,5
Jack Harlow,6
Benson Boone,7
Floyymenor,8
Music Lab Jpn,9
Central Cee,10
Post Malone,11
Teddy Swims,12
Billie Eilish,13
Future,14
Kids With Buns,15
Myke Towers,16
Taylor Swift,17
Tate Mcrae,18
Harry Styles,19
Doja Cat,20
Sabrina Carpenter,21
Beyoncï¿,22
Official Sound Studio,23
Wz Beat,24
The Kid Laroi,25
Pinkfong,26
Ariana Grande,27
Jay-Z,28
Love Bgm Jpn,29
Babymonster,30
Tyla,31
Kenya Grace,32
Hozier,33
Tina Turner,34
Shaboozey,35
Gunna,36
Tones And I,37
Sped Up 8282,38
David Guetta,39
David Kushner,40
Mitski,41
Dua Lipa,42
Mae Stephens,43
Luis Fonsi,44
Mvua,45
Rema,46
Ed Sheeran,47
Maian,48
The Weeknd,49
Metro Boomin,50
Patati Patatï¿,51
Sam Smith,52
Edward Maya,53
Mitsu Sound,54
Aespa,55
Bad Bunny,56
Juvenile,57
Ýý$,58
Sza,59
Guy Mac,60
Glass Animals,61
Linkin Park,62
Bizarrap,63
Powerdress,64
Lil Nas X,65
Grupo Frontera,66
Jawsh 685,67
Dave,68
Karol G,69
Farruko,70
Dave Angel,71
Eslabon Armado,72
Yng Lvcas,73
21 Savage,74
Adele,75
Lil Durk,76
Illit,77
Darell,78
Xavi,79
Pinkpantheress,80
Peso Pluma,81
Cassï¿,82
Dj Samir,83
Paul Russell,84
Peggy Gou,85
Roddy Ricch,86
Jaxomy,87
Luke Combs,88
Creepy Nuts,89
Tollan Kim,90
Dianï¿½,91
3 Palavrinhas,92
Imagine Dragons,93
Travis Scott,94
Jere Klein,95
Goovex,96
Onerepublic,97
Exhumed,98
24Kgoldn,99
Bts,100
Wasteland,101
Lewis Capaldi,102
Shakira,103
Meghan Trainor,104
Dj Moigus,105
Shreya Ghoshal,106
Olivia Rodrigo,107
Thullio Milionï¿½Ï¿,108
Lola,109
Libianca,110
Afrian Af,111
G-Eazy,112
J Ross,113
Manuel Turizo,114
Fli:P,115
Justin Bieber,116
Juice Wrld,117
Cardi B,118
Zico,119
Drake,120
Kurochuu,121
Jung Kook,122
Morgan Wallen,123
Bruno Mars,124
Ýýýýýýýýýýýýýýý(Ýýýýýýýýýýýýýýý),125
Shawn Mendes,126
Rosalï¿½,127
Dababy,128
Zach Bryan,129
Lizzo,130
The Chainsmokers,131
Jisoo,132
Camila Cabello,133
Feid,134
Maluma,135
Justin Timberlake,136
Jvke,137
Sexyy Red,138
Ariana Debose,139
Raye,140
Myles Smith,141
Pop Smoke,142
Maroon 5,143
Kygo,144
Bryson Tiller,145
Bennett,146
Halsey,147
Lady Gaga,148
Ayra Starr,149
Gayle,150
Kizz Daniel,151
Steve Lacy,152
Lisa,153
Quevedo,154
Treasure,155
Blackpink,156
The Puddleducks,157
Tinashe,158
Desiigner,159
Loreen,160
Doechii,161
Fifty Fifty,162
Newjeans,163
Coi Leray,164
Vayah,165
Daddy Yankee,166
D4Vd,167
Toosii,168
Luis R Conriquez,169
Bing Crosby,170
Biomigrant,171
Iï¿½Ï¿½Igo Quin,172
Joji,173
Yg Marley,174
Yandel,175
Rauw Alejandro,176
Wiz Khalifa,177
Lil Baby,178
Kep1Er,179
Mark Ronson,180
David Jackson,181
Ckay,182
J Balvin,183
Oliver Tree,184
Thï¿½Ï,185
D Billions,186
Lil Tjay,187
Powfu,188
Katy Perry,189
Kali Uchis,190
Selena,191
Nicky Youre,192
Ateez,193
The Script,194
Cris Mj,195
Xxxtentacion,196
Carin Leon,197
El Chombo,198
Isadora Pompeo,199
Twenty One Pilots,200
Cj,201
Marshmello,202
Fuerza Regida,203
Pedro Capï¿,204
Lil Tecca,205
Clean Bandit,206
Oliver Anthony Music,207
Dj Topo,208
Kettama,209
Lil Uzi Vert,210
Acraze,211
Usher,212
Dasha,213
Tam Sir,214
Popp Hunna,215
Evan Loss,216
Blush Response,217
Lit Killah,218
Tyga,219
Becky G,220
Stephen Sanchez,221
Conkarah,222
Noah Kahan,223
Ýýýýýýýýýý,224
Yuridia,225
Burna Boy,226
Happy Asmara,227
Armani White,228
Yoasobi,229
Natanael Cano,230
Azul,231
Trashxrl,232
Zeynep Bastï¿½,233
Chappell Roan,234
Ava Max,235
Ozuna,236
James Hype,237
Trevor Daniel,238
Lost Frequencies,239
Calvin Harris,240
Anuel Aa,241
Idina Menzel,242
Le Sserafim,243
Mavokali,244
Tiï¿½Ï¿,245
Regard,246
Zerb,247
Reynmen,248
Daine,249
Stan Getz,250
Calle 24,251
Cyril,252
Juliï¿½Ï¿½N Kh,253
Abd El Fattah Grini,254
Dj Snake,255
Anitta,256
Emkal,257
Xamdam Sobirov,258
Seventeen,259
Young Thug,260
Mï¿½Ï¿½Ne,261
Meyy,262
4Batz,263
Sub Urban,264
Saint Jhn,265
Chris Brown,266
Flo Milli,267
Bellakath,268
Histed,269
Bailey Zimmerman,270
Glorilla,271
Avicii,272
Ofenbach,273
Bad Gyal,274
Creeds,275
Davido,276
Anirudh Ravichander,277
The Box,278
Yeat,279
French Montana,280
Benjamin Richter,281
Stray Kids,282
Alex&Rus,283
Adam Port,284
James Arthur,285
Dada Black Sheep,286
Michael Marcagi,287
Nicki Minaj,288
Gotye,289
Charlie Puth,290
Kreepa,291
Polo G,292
Lukas Graham,293
Pharrell Williams,294
Chayanne,295
Passenger,296
Lithe,297
Masked Wolf,298
John Legend,299
Sleepy Hallow,300
Don Toliver,301
Childish Gambino,302
Tayc,303
Chris Pine,304
Carolina Gaitï¿½Ï¿½N - La G,305
Juliï¿½Ï¿½N Ï¿½Ï¿½Lvarez Y Su Norteï,306
Rasha Nahas,307
Mustard,308
El Reino Infantil,309
Muni Long,310
Mc Ig,311
Manu,312
Surf Mesa,313
P!Nk,314
Internet Money,315
Violent Femmes,316
Megan Thee Stallion,317
Carella,318
Jelly Roll,319
Jasleen Royal,320
Fifth Harmony,321
Khaid,322
Cupula Roja,323
Selena Gomez,324
Lil Peep,325
Kush & Tj,326
Khesari Lal Yadav,327
Kordhell,328
Sia,329
Ian G.,330
Ati2X06,331
Troye Sivan,332
Rihanna,333
Aurel Surya Lie,334
Elton John,335
Ive,336
Dynoro,337
Benny Blanco,338
Vishal-Shekhar,339
Lil Mabu,340
Shubh,341
Riton,342
Sebastian Yatra,343
Victoria Monï¿½,344
Shiva Choudhary,345
King Gnu,346
Bayanni,347
Big One,348
Sanju Rathod,349
Topic,350
Hollywood Dots The Oncelor,351
Mark Ambor,352
Zwe1Hvndxr,353
Jay Wheeler,354
Bayhan,355
Dennis,356
Tï¿½Ï¿½Ng Duy,357
Meduza,358
Nicky Jam,359
Ynw Melly,360
Mounika Yadav,361
Number_I,362
Amaarae,363
Josh Groban,364
(G)I-Dle,365
Kalpana,366
Lana Del Rey,367
Falls,368
King,369
Saweetie,370
Jason Derulo,371
Nio Garcia,372
Joost,373
Karl Wine,374
Martin Garrix,375
Cartel De Santa,376
Joel Corry,377
Dean Lewis,378
Polimï¿½Ï¿½ Westc,379
Yall,380
Rosa Linn,381
Jubin Nautiyal,382
Psy,383
Natti Natasha,384
Soolking,385
Jhayco,386
Alan Walker,387
Lf System,388
Black Eyed Peas,389
Blackbear,390
Giveon,391
Boywithuke,392
Chris Stapleton,393
Liamsi,394
Jid,395
Kodak Black,396
Mawell,397
Jackboys,398
Panic! At The Disco,399
Lori,400
Vï¿½,401
Bella Poarch,402
Junior H,403
Ciara,404
Arijit Singh,405
Coldplay,406
Young Nudy,407
Nardo Wick,408
Jungle,409
Lefty Sm,410
Victor Thompson,411
Harshavardhan Rameshwar,412
Luck Ra,413
Spyro,414
Jojo Siwa,415
Chino Pacas,416
Sie7E,417
Renuka Panwar,418
Arcï¿½Ï¿½,419
Boy Spyce,420
Lay Bankz,421
Gims,422
Surfaces,423
Saad Lamjarred,424
Khalid,425
Purple Disco Machine,426
Bibi Babydoll,427
Lil Cake,428
Nirvair Pannu,429
Tini,430
Fetty Wap,431
Interworld,432
Gera Mx,433
Lauv,434
Tiago Pzk,435
Shae Gill,436
Ohboyprince,437
Latto,438
The Kolors,439
Camilo,440
Yahritza Y Su Esencia,441
Adam,442
Alec Benjamin,443
Tommee Profitt,444
King Von,445
Dove Cameron,446
Jonas Brothers,447
Diler Kharkiya,448
Superstar Pride,449
6Ix9Ine,450
Flex (Uk),451
Mika Singh,452
Madison Beer,453
Surf Curse,454
Eden Muï¿½Ï,455
Jason Aldean,456
Kaio Viana,457
Jungeli,458
Shaan,459
Ado,460
K Camp,461
Bebe Rexha,462
5 Seconds Of Summer,463
The Neighbourhood,464
Tri Suaka,465
Kina,466
La Vaca Lola,467
Sech,468
Alex Favela,469
Staysolidrocky,470
Bossman Dlow,471
Tainy,472
Rag'N'Bone Man,473
Ýýneheart,474
Oscar Maydon,475
Emilia,476
Os Quebradeiras,477
Tomorrow X Together,478
Dimitri Vegas & Like Mike,479
J. Cole,480
Jnr Choi,481
Walker Hayes,482
Tory Lanez,483
Mitraz,484
Manan Bhardwaj,485
Benee,486
Major Lazer,487
Laufey,488
Jessi,489
Grupo Firme,490
Lmfao,491
Dj Mix Non-Stop Channel,492
Taiu,493
Los Ï¿½Ï¿½Ngeles Az,494
Aya Nakamura,495
Kane Brown,496
Semicenk,497
Xg,498
Casper Magico,499
Master Kg,500
Luan Pereira,501
Bento E Totï¿,502
Lil Mosey,503
Duke & Jones,504
Wizkid,505
Dxrk Ï¿½Ï¿½Ï¿½,506
Jhay Cortez,507
Young Miko,508
Neha Kakkar,509
Dj Boneng,510
Pawan Singh,511
Karan Aujla,512
Good Neighbours,513
A$Ap Rocky,514
Jowell & Randy,515
A Boogie Wit Da Hoodie,516
Djo,517
Isabel Larosa,518
Jennie,519
The Academy: Segunda Misiï¿½,520
Prince Ayaya,521
Agroplay,522
Badshah,523
Warren Zeiders,524
Brray,525
Calum Scott,526
Jessie Murph,527
Arizona Zervas,528
Nexz,529
Baby Keem,530
Nayeon,531
Alpha 9,532
Asake,533
Suicidal-Idol,534
Chase & Status,535
Christina Perri,536
Alex Rose,537
Carly Rae Jepsen,538
Ke Personajes,539
Varun Jain,540
Doble One Flow Letal,541
Xilo,542
Amy Winehouse,543
Atb,544
Iyanya,545
Shoreline Mafia,546
Rod Wave,547
Sofï¿½Ï¿½A R,548
Mert Demir,549
Ghea Indrawari,550
Eladio Carrion,551
Dj Laxman,552
Pink Sweat$,553
Spice,554
Fariana,555
Pawsa,556
Lp,557
Marï¿½Ï¿½Lia Mendo,558
Pritam,559
Quavo,560
Diljit Dosanjh,561
Baba Blakes,562
Makaela,563
Cole Swindell,564
Y2K,565
Blink-182,566
Honeyworks,567
Dj Lk Da Escï¿½Ï¿,568
Hctm,569
Kehlani,570
Kevin Macleod,571
Bigxthaplug,572
Anuv Jain,573
Kaifi Khalil,574
Duncan Laurence,575
Nf,576
Ryan Castro,577
Tesher,578
Imanbek,579
J Hus,580
Imase,581
Ebru Yaï¿½Ï,582
Dhanush,583
Elley Duhï¿,584
Hardy,585
Mora,586
Swedish House Mafia,587
Offset,588
Ana Castela,589
Hussain Aljassmi,590
Piso 21,591
Zerobaseone,592
Danny Ocean,593
Harp And A Monkey,594
Sky Rompiendo,595
Frizk,596
Ýýýýýýýýýýýý Ýýýýýýýýýýýýýýýýýýýýýýýýýýý,597
Yung Bleu,598
Saiko,599
Lil Wayne,600
Duo Tiempo De Sol,601
Jack Black,602
Oxlade,603
Felipe Amorim,604
Cg5,605
Donny Fernanda,606
Ken Carson,607
Maria Becerra,608
Yash Narvekar,609
Sai Abhyankkar,610
El Payaso Plim Plim,611
Iu,612
Rich Amiri,613
Vishal Mishra,614
Pasa Michaelson,615
Zayn,616
Foster The People,617
Bbno$,618
Gracie Abrams,619
Neelkamal Singh,620
Tee Grizzley,621
Yk Osiris,622
Crazy Frog,623
George Ezra,624
Javed-Mohsin,625
Los Legendarios,626
Shaun Reynolds,627
Jaymes Young,628
Fred Again..,629
Em Beihold,630
Mc Kevin O Chris,631
Karan Sehmbi,632
Playboi Carti,633
Zara Larsson,634
Shayne Orok,635
Trippie Redd,636
Mahmood,637
Derya Yildirim,638
Rae Sremmurd,639
Royel Otis,640
Wisin & Yandel,641
Gucci Mane,642
Pooh Shiesty,643
Mesita,644
Lomiiel,645
Nate Smith,646
Didi Romero,647
Crocodyle,648
Lil Pump,649
Luclover,650
Alessia Cara,651
V,652
Jessica Darrow,653
Kanye West,654
Ski Aggu,655
"Tyler, The Creator",656
Bonnie Kimmel,657
Kcee,658
Kaliii,659
Blessd,660
Bolofofos,661
Vance Joy,662
Ice Spice,663
Brent Faiyaz,664
Lord Huron,665
Piggs,666
The Beatles,667
Dora Lachaise,668
B Praak,669
Eugenio Esquivel,670
Dj Khaled,671
Tz Da Coronel,672
L.Dre,673
Enrique Iglesias,674
Kany Garcï¿½,675
El Alfa,676
Dj Bahbus,677
Muramatsu Karaoke,678
Sheck Wes,679
Labrinth,680
Tropa Do Bruxo,681
Tems,682
Conan Gray,683
Yamï¿,684
Jazzy,685
Jazzdauren,686
Marc Seguï¿,687
Ali Gatie,688
Akmu,689
Humbe,690
Zerrin Ï¿½Ï¿,691
Cody Johnson,692
Paylon,693
Carbonne,694
Jass Manak,695
Jimin,696
Migos,697
310Babii,698
Omi,699
Krypto9095,700
Djremixgod,701
Kyle,702
Boynextdoor,703
Teya Dora,704
Meek Mill,705
Mc Ph,706
Ayliva,707
Dei V,708
Uzielito Mix,709
Twice,710
Coogie,711
Falling In Reverse,712
Vulgo Fk,713
R. City,714
Paulo Londra,715
Twocolors,716
Badger,717
Carlos Vives,718
Lauty Gram,719
Little Caesar & The Romans,720
Vedo,721
Shoti,722
Shilpa Rao,723
Dwayne Johnson,724
Lorde,725
Zzoilo,726
Sean Paul,727
Sachin-Jigar,728
Chefin,729
Jin,730
Raim Laode,731
Juepak,732
Gaby Music,733
Nospace,734
Eliza Rose,735
Rm,736
Russ,737
Luude,738
Zoe Wees,739
Veigh,740
Aaron Smith,741
Yahir Saldivar,742
Fun.,743
Fousheï¿,744
Yasin,745
Rune,746
Logic,747
Ella Henderson,748
Zedd,749
Bastille,750
Macklemore & Ryan Lewis,751
Baani Sandhu,752
Edith Whiskers,753
Calibre 50,754
Cochise,755
Dvrst,756
Hani Rifai,757
Ca3Rd,758
That Mexican Ot,759
Inji,760
Ricky Martin,761
Big Sean,762
Morad,763
Kenshi Yonezu,764
Milo J,765
Aur,766
Work Out Gym - Dj Mix,767
Majestic,768
Melon,769
Jp Saxe,770
Hoshimachi Suisei,771
Galinha Pintadinha,772
Super Junior,773
Girl In Red,774
Demi Lovato,775
Jax Jones,776
Ruger,777
Darshan Raval,778
Tws,779
Fall Out Boy,780
One Direction,781
Cnco,782
Odetari,783
Blanco Brown,784
Kiss Of Life,785
Ptrp Studio,786
Sam Hunt,787
Daniel Caesar,788
Mc Ryan Sp,789
Ýýýýýýýýýýýýýýýýýýýýý Ýýýýýýýýýýýýýýýýýýýýý,790
Xamï¿,791
Walk The Moon,792
Elyotto,793
Awolnation,794
Romeo Santos,795
Cavendish Music,796
$Uicideboy$,797
Dhvani Bhanushali,798
Ajr,799
Ýýengo Flow,800
Trueno,801
Super Yei,802
Koe Wetzel,803
Aurora,804
Al Shami,805
Richard Carter,806
Salastkbron,807
Christian Nodal,808
Ivete Sangalo,809
Ben King,810
Tony Kakkar,811
Stephen Dawes,812
Gabry Ponte,813
Nle Choppa,814
El Gudi,815
Dnk,816
Bob Sinclar,817
Youngboy Never Broke Again,818
Ýýwnboss,819
Ski Mask The Slump God,820
Don Omar,821
Eyedress,822
Ellie Goulding,823
Dj Yo!,824
Names 51,825
Jax,826
The Scotts,827
League Of Legends,828
Garfy,829
Iggy Azalea,830
Cigarettes After Sex,831
Xsyborg,832
Sb19,833
Pablito Pesadilla,834
Esteriore Brothers,835
Tame Impala,836
Jordan Davis,837
6Arelyhuman,838
Neiked,839
El Jordan 23,840
Jagwar Twin,841
Dylan Gossett,842
Kayden,843
Tove Lo,844
Brytiago,845
Ddg,846
Koko Die,847
Blake Shelton,848
Gusttavo Lima,849
Delifinger,850
El Turko,851
Anotr,852
Ian,853
Tatsuya Kitani,854
Wizard Chan,855
Iniko,856
Alek Olsen,857
Arthur Hill,858
Yung Gravy,859
Jengi,860
Nathan Evans,861
Jerry Di,862
Felix Jaehn,863
Lah Pat,864
Johnny Orlando,865
Blxst,866
Vinay Pandey Sanu,867
Kungs,868
Felixthe1St,869
Shivani Singh,870
Gabby Barrett,871
Enhypen,872
Luciano,873
Fer Vazquez,874
Md Faisal Ahmed,875
Jzyno,876
Ramz,877
Lee Brice,878
Chord Overstreet,879
Mc Davi,880
Laza,881
Thalia,882
Dhruv,883
Ella Mai,884
Bm,885
Rels B,886
Gabito Ballesteros,887
Shouse,888
Tyler Hubbard,889
Diego Torres,890
Lele Pons,891
Goya Menor,892
Sir Neville Marriner,893
Dj Meetch,894
Mike Posner,895
Zeme Libre,896
Izellah,897
Leo Santana,898
Burak Bulut,899
Mau P,900
Izaak,901
Og Eat,902
Thaman S,903
Mikeeysmind,904
Chris Jedi,905
Spence,906
Niall Horan,907
Lauren Spencer Smith,908
Coyote Theory,909
Diamond Platnumz,910
Billy Gillies,911
Hoï¿½Ï¿½Ng,912
Auli'I Cravalho,913
Udo Lindenberg,914
Boza,915
Thxsomch,916
Artms,917
Jc No Beat,918
Sohail Sen,919
Britney Manson,920
Hot Donuts,921
Reik,922
Disclosure,923
Parkmalody,924
Nassif Zeytoun,925
Moondeity,926
The Lumineers,927
Vicente Fernï¿½Ï¿½,928
Madonna,929
Qwer,930
Afsana Khan,931
Kylie Minogue,932
Pheelz,933
Aventura,934
Harrdy Sandhu,935
Arctic Monkeys,936
Mr. Belt & Wezol,937
Pashanim,938
Tom Odell,939
Empire Of The Sun,940
Tion Wayne,941
Pitbull,942
Cordelia,943
Rylo Rodriguez,944
Alex Warren,945
2Rare,946
Angelina Mango,947
Ants On A Log,948
Marka,949
Valentino Khan,950
Twisted,951
Coco Jones,952
Kaleo,953
Damien,954
Fridayy,955
Aldo Zee,956
Kaka,957
Young M.A,958
Gippy Grewal,959
Thalapathy Vijay,960
Aliyah'S Interlude,961
Mariah Carey,962
Justin Wellington,963
Simone Mendes,964
Rudimental,965
Masego,966
Lainey Wilson,967
Leo Walrus,968
Marca Mp,969
The King Khan & Bbq Show,970
Javed Ali,971
John Summit,972
Yo Yo Honey Singh,973
Titom,974
Carrier,975
Anna Asti,976
Mabel,977
Belinda,978
Xxanteria,979
Olivetheboy,980
Estelle,981
Lizzy Mcalpine,982
Alvaro Diaz,983
Coolio,984
Dram,985
Sunidhi Chauhan,986
Diego & Victor Hugo,987
Stebin Ben,988
Jogga,989
Hensonn,990
Mc Paulin Da Capital,991
Hotel Ugly,992
Bakar,993
Nick White,994
Tai Verdes,995
Dermot Kennedy,996
Matteo Rossanese,997
Guru Randhawa,998
Hvme,999
Hana Cï¿½Ï¿½Ï¿½M,1000
Nagavalli,1001
Ayo & Teo,1002
Rvssian,1003
Thomas Rhett,1004
Lvbel C5,1005
Beny Jr,1006
Mau Y Ricky,1007
Clovis Reyes,1008
Disturbed,1009
Mareux,1010
Mc Fioti,1011
Lxngvx,1012
Omah Lay,1013
Lauren Daigle,1014
Ap Dhillon,1015
Chencho Corleone,1016
Kaash Paige,1017
Gabriela Rocha,1018
Alok,1019
Elissa,1020
Mgk,1021
Lucky Brown,1022
Geolier,1023
Jack Ï¿,1024
Ivan Cornejo,1025
Kenny Chesney,1026
Joeboy,1027
Loud Luxury,1028
Andrew Underberg,1029
Aldy Santos,1030
Valentino Merlo,1031
Alessandra,1032
Raj Mawer,1033
Mc Poze Do Rodo,1034
D-Block Europe,1035
Freddie Dredd,1036
Raju Punjabi,1037
Ruchika Jangid,1038
Nemo,1039
Bb Trickz,1040
Ghostface Playa,1041
Sticky Fingers,1042
Jeremya Ginting,1043
Charli Xcx,1044
Ghaliaa,1045
Dezko,1046
Tucker Wetmore,1047
Sonny Wern,1048
Nej,1049
Sidhu Moose Wala,1050
Inder Arya,1051
Muti,1052
Victony,1053
Jux,1054
Lil Yachty,1055
Canbay & Wolker,1056
Hippie Sabotage,1057
Jason Mraz,1058
Emiway Bantai,1059
6Ynthmane,1060
Switch Disco,1061
Komal Choudhary,1062
Keblack,1063
Paloma Faith,1064
Dystinct,1065
Parsa Nani,1066
Dominic Fike,1067
Latin Mafia,1068
Florias,1069
Santa Fe Klan,1070
Dev Negi,1071
Tiagz,1072
Eternxlkz,1073
D. Savage,1074
Ty Dolla $Ign,1075
Gya,1076
Gracie'S Corner,1077
Grupo Marca Registrada,1078
Nimra Mehra,1079
Brett Young,1080
Payal Dev,1081
Marc Anthony,1082
Tr-Meet,1083
Reneï¿½Ï¿½,1084
Lazza,1085
Garry Sandhu,1086
Silento,1087
Angi Fire,1088
Witt Lowry,1089
Vegedream,1090
Syko,1091
Baby Lullaby,1092
Luca-Dante Spadafora,1093
Dom Dolla,1094
Dadju,1095
Borges,1096
Perrie,1097
Kenia Os,1098
Toy Cantando,1099
Portugal. The Man,1100
Quiet As A Mouse,1101
The Strokes,1102
Grupo Menos Ï¿½Ï¿½,1103
Natori,1104
Anggi Marito,1105
Anne-Marie,1106
Emanero,1107
Elevation Worship,1108
Chayï¿½Ï¿½N R,1109
Boy Wonder Cf,1110
Naiara Azevedo,1111
Fisher,1112
Mehmood J,1113
Ýýýýýýýýýý Ýýýýýýýý,1114
Wisin,1115
Galantis,1116
Rahul Sipligunj,1117
Hannah Laing,1118
Chinchilla,1119
Fresh X Reckless,1120
Quality Control,1121
Montell Fish,1122
Gustixa,1123
Mc Cabelinho,1124
Bebefinn,1125
Nicki Nicole,1126
Enchan,1127
Alacranes Musical,1128
Gummibï¿½,1129
Gerardo Coronel,1130
Bruno Portinho Trilhas Para Filmes,1131
La Joaqui,1132
Ela Taubert,1133
Lil Dicky,1134
Capital Cities,1135
Kim Loaiza,1136
Deep Chills,1137
Wiu,1138
Cleffy,1139
Clairo,1140
Dï¿½Ï¿½Melo,1141
James Bay,1142
L7Nnon,1143
Niki,1144
Ariis,1145
Tech N9Ne,1146
Zion & Lennox,1147
Triples,1148
Elijah Woods,1149
Pedro Sampaio,1150
Benzz,1151
Melanie Martinez,1152
Bibi,1153
Gnash,1154
Dellafuente,1155
Rochy Rd,1156
Akhil Sachdeva,1157
Siddhant,1158
Miguel,1159
Byron Messia,1160
Ýýýýýýýý Ýýýýýýýýýýýý,1161
Picus,1162
"""Xy""",1163
Ruth B.,1164
Zï¿½Ï¿½ Fe,1165
The Walters,1166
Niklas Dee,1167
Jritt,1168
Ian Lucas,1169
Dj Belite,1170
Victor Cibrian,1171
Jeremy Zucker,1172
Ýýýýýýýýýýýýýýý Ýýýýýýýýýýýýýýý,1173
Os Barï¿½Ï¿½Es Da Pisad,1174
Tenacious D,1175
Mgmt,1176
Ven'Nus,1177
Mannat Noor,1178
Gajendra Gurjar,1179
Mankirt Aulakh,1180
Bora Media,1181
Guns N' Roses,1182
Lusia Chebotina,1183
Bryan Martin,1184
Julianno Sosa,1185
Zay Hilfigerrr,1186
Bgnzinho,1187
Butrint Imeri,1188
Taio Cruz,1189
Duki,1190
Rose Villain,1191
Egzod,1192
Nico & Vinz,1193
Megan Moroney,1194
Clipping.,1195
Julia Michaels,1196
Mc L Da Vinte,1197
Grupo Soï¿½Ï¿½,1198
Ander Huang,1199
Sasha Alex Sloan,1200
Matuï¿,1201
King Savagge,1202
Bulan Sutena,1203
Op,1204
Rahat Fateh Ali Khan,1205
Maria Marï¿½Ï,1206
Dalex,1207
Kid Pharaoh,1208
Darius Rucker,1209
Ir Sais,1210
Normani,1211
Kï¿½Ï,1212
Annalisa,1213
Franglish,1214
Camidoh,1215
Bob And Tom,1216
Leah Kate,1217
Jonas Blue,1218
Dj Jeeh Fdc,1219
Mac Miller,1220
The 1975,1221
Chayce Beckham,1222
Chino & Nacho,1223
Becky Hill,1224
Jamie Miller,1225
Prinz,1226
Blood Dance,1227
Riize,1228
Moneybagg Yo,1229
Alejo,1230
Partynextdoor,1231
Cï¿½Ï¿½Dig,1232
Ashnikko,1233
Jeon Somi,1234
Milky Chance,1235
Fira Cantika,1236
King Promise,1237
Luvia Band,1238
Fabio Asher,1239
Liam Payne,1240
Gesaffelstein,1241
Melike Ï¿½Ï¿½,1242
Jennifer Lopez,1243
Nelly,1244
Yiï¿½,1245
G3Ox_Em,1246
Alesso,1247
Israel & Rodolffo,1248
The La Planta,1249
Amrinder Gill,1250
Yuqi,1251
Ghali,1252
Eve,1253
Ybn Nahmir,1254
Ghost,1255
Two Feet,1256
Famous Dex,1257
Cash Cobain,1258
Octasounds,1259
Corey Kent,1260
Bazzi,1261
13 Organisï¿,1262
Kï¿½Ï¿½Ï¿½,1263
Lola Amour,1264
Bounce Oï¿½Ï¿½Ï¿,1265
Dj Luian,1266
Frank Ocean,1267
Favï¿,1268
Beach House,1269
Jt,1270
Magic!,1271
Rob $Tone,1272
Boomboxrepairkit,1273
Waka Flocka Flame,1274
Bonnadol,1275
Amo988,1276
Tank,1277
Indila,1278
Donald,1279
Rachel Platten,1280
Starboi3,1281
Yot Club,1282
H.E.R.,1283
1Da Banton,1284
Willow,1285
Hachi,1286
G.D. Kaur,1287
Lasso,1288
Kxllswxtch,1289
Dj Glk,1290
Jorja Smith,1291
Skylar Blatt,1292
Stephanie Beatriz,1293
Kevin Roldan,1294
Uzii Bigtalk,1295
1Nonly,1296
Chahat Fateh Ali Khan,1297
Sdm,1298
Gorillaz,1299
Viviz,1300
Kent Jones,1301
Blocboy Jb,1302
Armaan Malik,1303
Parker Mccollum,1304
Mafalda Cardenal,1305
Sada Baby,1306
D Gerrard,1307
Wild Child,1308
Lizot,1309
Bakermat,1310
Lunay,1311
Stacey Ryan,1312
A$Ap Ferg,1313
Yungmanny,1314
Mc Paiva Zs,1315
Memphis Cult,1316
Calboy,1317
Luan Santana,1318
Fatih Bulut,1319
Mupp,1320
Cian Ducrot,1321
Glwzbll,1322
Kazuo,1323
Baby Gang,1324
Djpaoremix,1325
Robin Schulz,1326
Venbee,1327
Renn,1328
Mc Livinho,1329
Switchotr,1330
Altï¿½Ï,1331
Yung Filly,1332
Flo Rida,1333
Pierre Garnier,1334
Ahmed Saad,1335
Flipp Dinero,1336
Bishop Briggs,1337
Atif Aslam,1338
Tom Grennan,1339
Sped Up Nightcore,1340
Sprite,1341
Joyner Lucas,1342
Destroy Lonely,1343
Aretha Franklin,1344
Ricky Desktop,1345
Music Factory,1346
Itzy,1347
Akris & Teddy,1348
Shivali,1349
Will.I.Am,1350
Keala Settle,1351
Dj Ws Da Igrejinha,1352
Baby Lasagna,1353
The Blessed Madonna,1354
Red Velvet,1355
Mk,1356
Q' Lokura,1357
Justin Quiles,1358
Dnce,1359
"Luis Angel ""El Flaco""",1360
Dildora Niyozova,1361
Bingo Club,1362
Codiciado,1363
Fireboy Dml,1364
Guilherme & Benuto,1365
Bad Omens,1366
Elmo,1367
Macklemore,1368
Bandido,1369
Hypaton,1370
Lea,1371
Jessie J,1372
Aldn,1373
Hot Lemon,1374
Prod.67,1375
Carlos Agassi,1376
Taeyang,1377
Marnik,1378
Crayon,1379
Chance Peï¿½,1380
Harmonize,1381
Noah Cyrus,1382
Los Gemelos De Sinaloa,1383
Rei,1384
The Anxiety,1385
Philly Goats,1386
La Pantera,1387
Gym Class Heroes,1388
Ilovemakonnen,1389
Mc Caverinha,1390
Benny Dayal,1391
Roy Woods,1392
Beabadoobee,1393
Hitkidd,1394
Toadi,1395
Dj Rick 013,1396
10Cm,1397
Kadu Martins,1398
Nathan Dawe,1399
Dj Bentoa,1400
Roach Killa,1401
Nani,1402
M83,1403
Henry Moodie,1404
Matheus Fernandes,1405
Ritesh Pandey,1406
Lucidbeatz,1407
347Aidan,1408
Diplo,1409
Emmy Meli,1410
Omar Apollo,1411
Hrvy,1412
Dennis Lloyd,1413
Elmusto,1414
Aditya Gadhvi,1415
Modelki,1416
Aronchupa,1417
Sativamusic,1418
Cleo Y Cuquï¿½Ï¿½N - Familia Tele,1419
42 Dugg,1420
Millind Gaba,1421
Parmalee,1422
Nattan,1423
Echosmith,1424
Robin Trower,1425
Los Dos Carnales,1426
Nirvana,1427
Durdenhauer,1428
Tuki.,1429
Ishowspeed,1430
Noah,1431
Argy,1432
Mon Laferte,1433
Yuji,1434
S1Mba,1435
Sueco,1436
Jaani,1437
Adrian L Santos,1438
The Living Tombstone,1439
Charlieonnafriday,1440
Raphael Saadiq,1441
Sam Barber,1442
Aman Jaji,1443
Akdo,1444
Puri,1445
Taeyeon,1446
Wallem,1447
Kevin Gates,1448
Kayblack,1449
Wale,1450
Justine Skye,1451
Jo1,1452
Be:First,1453
Nï¿½,1454
Dpr Ian,1455
Dylan Scott,1456
Alex Temple,1457
Sintage,1458
Blueface,1459
Huda Sisters,1460
Sonny Fodera,1461
Uni Kukka,1462
Lola Indigo,1463
Kings Of Leon,1464
Mï¿½Ï¿½Lod,1465
Skrillex,1466
Ashley Mehta,1467
Dirty Heads,1468
Pablo Chill-E,1469
La Ï¿½Ï¿½Nica Trop,1470
Matt Sassari,1471
American Authors,1472
Old Dominion,1473
Dyamante Dj,1474
Heuss L'Enfoirï¿,1475
Ingratax,1476
Young Sunny Boy,1477
41,1478
Mongo Santamaria,1479
Roylimar Y Royerlin,1480
Lyrical Lemonade,1481
Down Time,1482
Misael De La Rosa,1483
Dj Arana,1484
Carly Pearce,1485
Standly,1486
Wallows,1487
Rita Ora,1488
Moha K,1489
Lenny Tavï¿½Ï¿,1490
Rick Astley,1491
Of Monsters And Men,1492
Livingston,1493
Hassan Goldy,1494
Tom Walker,1495
Dan + Shay,1496
Axwell /\ Ingrosso,1497
Vaporgod,1498
Danna Paola,1499
Rajeev Raja,1500
Nabila Maharani,1501
Lucki,1502
La Adictiva,1503
Bring Me The Horizon,1504
Iyaz,1505
Playaphonk,1506
Param Singh,1507
Money Man,1508
Rex Orange County,1509
Hwasa,1510
Melendi,1511
Salem Ilese,1512
Green Day,1513
Pozer,1514
Cage The Elephant,1515
C. Tangana,1516
Chike,1517
Ýýýýýý,1518
Kouz1,1519
Gente De Zona,1520
Dripreport,1521
Jaziel Avilez,1522
Yg,1523
$Oho Bani,1524
Nadhif Basalamah,1525
Kuami Eugene,1526
Dayzy,1527
Djw9,1528
Sunkissed Lola,1529
Juju<3,1530
Natalia Lafourcade,1531
Babymetal,1532
Thirty Seconds To Mars,1533
Foudeqush,1534
Rusherking,1535
Banners,1536
Tyler Childers,1537
Morgenshtern,1538
Ebk Jaaybo,1539
Nlo,1540
Jagananna Connects,1541
Curtis Waters,1542
Tyler Antonius,1543
Aitch,1544
Aerosmith,1545
The Rare Occasions,1546
Dreamsoda,1547
Sarah Cothran,1548
Luis Alfonso Partida El Yaki,1549
Justice,1550
The Killers,1551
Nelly Furtado,1552
Digv,1553
Snoop Dogg,1554
Sandeep Surila,1555
Dante9K,1556
Tony Effe,1557
Danilo Stankovic,1558
Slowboy,1559
Logan Paul,1560
Fellow Fellow,1561
Ron Gallo,1562
Summer Walker,1563
Jhenï¿½Ï¿½,1564
Mc Kevinho,1565
Gene Ess,1566
Banda Ms De Sergio Lizï¿½Ï¿½R,1567
Santhosh Narayanan,1568
Mother Mother,1569
Gazo,1570
Mike Will Made-It,1571
Pineapple Stormtv,1572
Lumi Athena,1573
Kids,1574
Jasiel Nuï¿½Ï,1575
Akon,1576
Pearl Jam,1577
Rich The Kid,1578
Fire! Orchestra,1579
Bhavi,1580
Chlï¿½,1581
Epi Records,1582
Giblack,1583
Ýýdith Piaf,1584
Barato Nation,1585
Taitosmith,1586
Ýýýýýýýýý Ýýýýýýýýýýýýýýýýýýýýý,1587
Zack Knight,1588
Mahalini,1589
Bahaa Sultan,1590
Mari Fernandez,1591
Moreart,1592
Emir Can Ï¿½Ï¿½Ï,1593
Bunt.,1594
Andy Grammer,1595
Bobby Helms,1596
Sleep Token,1597
New Era,1598
Youngohm,1599
Savi Kahlon,1600
Ludmilla,1601
Hundreds,1602
Nursery Rhymes,1603
Dj Lg Prod,1604
Babasha,1605
Boaz Van De Beatz,1606
Cocomelon,1607
Nmixx,1608
Tokischa,1609
Showtek,1610
Max,1611
Ritt Momney,1612
Rixton,1613
Ha*Ash,1614
R3Hab,1615
Makar,1616
Yovngchimi,1617
Oden & Fatzo,1618
Cuckoo Coco,1619
Maren Morris,1620
Mc Menor Hr,1621
Pnb Rock,1622
Grant Averill,1623
Kostromin,1624
Mrs. Green Apple,1625
A.V.G,1626
Chief Keef,1627
Little Big,1628
Oruam,1629
Shaed,1630
Kim Petras,1631
Heartsteel,1632
Red Hot Chili Peppers,1633
Tyler Braden,1634
Kanii,1635
Mario,1636
Alvaro Soler,1637
Wakyin,1638
Balti,1639
New West,1640
Alicia Keys,1641
Himesh Reshammiya,1642
Little Mix,1643
H2O,1644
Juan Karlos,1645
Marwa Loud,1646
Lyanno,1647
Tulus,1648
Morray,1649
Annenmaykantereit,1650
Dos Waves,1651
Lil Big Stack,1652
Vierre Cloud,1653
Nickelback,1654
Harjeet Deewana,1655
Elle King,1656
Morat,1657
Doblep,1658
Maninder Buttar,1659
Heijan,1660
Ntg,1661
K/Da,1662
Lum!X,1663
Nina Chuba,1664
J-Hope,1665
Miyagi,1666
A Great Big World,1667
Beach Weather,1668
Mc Rogerinho,1669
Michelle Maciel,1670
Neha Bhasin,1671
Thrife,1672
Tanveer Anjum,1673
Leoo Remix,1674
Phonk.Me,1675
Dyan Dxddy,1676
Ovy On The Drums,1677
Bad Wolves,1678
50 Cent,1679
Leehi,1680
Sage The Gemini,1681
Sum 41,1682
Tyler Icu,1683
.Diedlonely,1684
Connor Price,1685
Super Simple Songs,1686
Zï¿½Ï¿½ Vaqu,1687
Dj Usup,1688
Naza,1689
Grandson,1690
Anni K,1691
Kslv Noh,1692
Sumit Goswami,1693
Hoodblaq,1694
Kid Cudi,1695
Marlon Hoffstadt,1696
Claps,1697
Kukuli,1698
Dafina Zeqiri,1699
Vanco,1700
Scotty Mccreery,1701
Ghostemane,1702
Udit Narayan,1703
Eli Brown,1704
Sam Fischer,1705
Headie One,1706
Jeff Satur,1707
Au/Ra,1708
Dj Manikci Remix,1709
Dayvi,1710
Jovanie,1711
Tuï¿½Ï¿½Ï¿½N,1712
Royal & The Serpent,1713
Aminï¿,1714
Tiesco Le Sultan,1715
Zac Efron,1716
Lucixn,1717
Fujii Kaze,1718
Bheems Ceciroleo,1719
Misamo,1720
Akassh,1721
Key Glock,1722
Soy Pau,1723
Ýýýýýýýýýýýý,1724
Peter Fox,1725
El Malilla,1726
Pierce,1727
Bï¿½Ï¿,1728
Mabel Matiz,1729
Eclipse,1730
Guri,1731
Teto,1732
Bobby Shmurda,1733
Joaquin Guiller,1734
Arthur Miguel,1735
Kaytranada,1736
Pentatonix,1737
Lo Greco Bros,1738
Phong Max,1739
Crosby St. Models,1740
Brisa Star,1741
Mkto,1742
Odesza,1743
Mavins,1744
Great Area,1745
Zero Two,1746
Ryan Hurd,1747
Ecko Show,1748
Overcast,1749
Jamik Jams,1750
The Rolling Stones,1751
The Black Keys,1752
Alyona Alyona,1753
Yo Gotti,1754
Sira,1755
Erica Banks,1756
The Newton Brothers,1757
Dilaw,1758
Isaias Saad,1759
Imp.,1760
Inna,1761
Diddy,1762
Nick Hanzo,1763
Clinton Kane,1764
Raï¿½Ï¿½ Saia Ro,1765
Pressure 9X19,1766
Dayglow,1767
Riar Saab,1768
Ana Mena,1769
Sam Cooke,1770
Evanescence,1771
Babyface Ray,1772
Biper Y Sus Amigos,1773
Riley Green,1774
Dawin,1775
Alfianie,1776
Aimer,1777
Uzi,1778
Men I Trust,1779
Nemzzz,1780
Los Del Rio,1781
Slander,1782
Yung Yury,1783
Raghav Chaitanya,1784
Hugel,1785
Young Stoner Life,1786
Ikka,1787
&Me,1788
Realest Cram,1789
Mc Don Juan,1790
Black Pumas,1791
Tobiahs,1792
Dan-E-Mc,1793
Jassie Gill,1794
Gallina Pintadita,1795
Luh Kel,1796
Flora Cash,1797
Radwimps,1798
Cazzu,1799
Stellar,1800
Alex Sensation,1801
Yakary,1802
Minelli,1803
The White Stripes,1804
Prashant Nakti,1805
Skolim,1806
Dhee,1807
Bo Burnham,1808
Jayo,1809
Alex & Sierra,1810
Eunice Manyanga,1811
Jc Reyes,1812
Jay Rock,1813
Surgeon,1814
Laddi Chahal,1815
Chau Dang Khoa,1816
Jeremih,1817
Sophie And The Giants,1818
*Nsync,1819
Digga D,1820
Omoinotake,1821
Charly Black,1822
Pia Mia,1823
Oualid,1824
Ezhel,1825
5Ive,1826
Ysy A,1827
Chris Grey,1828
Kayz66,1829
Dj San,1830
Sleazyworld Go,1831
Nav,1832
Ryan Gosling,1833
Roxy Dekker,1834
Dusty Locane,1835
Claire Rosinkranz,1836
Queen,1837
Gc Eternal,1838
Bini,1839
Sean Kingston,1840
Aastha Gill,1841
Slimane,1842
Ýýýýýýýýýýýý Ýýýýýýýýýýýýýý,1843
5Ï¿½Ï¿½Ï¿,1844
Terry Flow,1845
Tom Santa,1846
Samara,1847
Dj Tao,1848
Sefo,1849
Good Kid,1850
Werenoi,1851
Galibri & Mavik,1852
Conjunto Rienda Real,1853
Diane Guerrero,1854
Dro Perez,1855
Restricted,1856
Grupo Los De La O,1857
Zack Tabudlo,1858
Florida Georgia Line,1859
Angga Dermawan,1860
Exo,1861
Creedence Clearwater Revival,1862
Yung Lean,1863
Sara Kays,1864
Kikimoteleba,1865
Tarcï¿½Ï¿½Sio Do Acor,1866
Japï¿½Ï¿½,1867
Lostboyjay,1868
A1 X J1,1869
Kesha,1870
Duke Dumont,1871
Disco Lines,1872
Elite Djs,1873
Chris Young,1874
Pamungkas,1875
Melinda Ademi,1876
Frenna,1877
Clara La San,1878
Rob49,1879
Wish - Cast,1880
Ýýýýýýýýýýýýýýýýýý,1881
Luke Bryan,1882
Mazhar Rahi,1883
Barracca Republic,1884
Izzamuzzic,1885
Naps,1886
Keisya Levronka,1887
Yfn Lucci,1888
Russ Millions,1889
Through Fire,1890
Jon Pardi,1891
Trinix,1892
The Platters,1893
Colouour,1894
Halodayï¿,1895
Myriam Fares,1896
Alyph,1897
Dj Tiktok,1898
Banda Coraleï¿½,1899
Rammstein,1900
Mundo Bita,1901
Alvee,1902
Pablo Alborï¿½,1903
Stromae,1904
Parmish Verma,1905
Ninho,1906
Dustin Lynch,1907
The Offspring,1908
Daya,1909
X Ambassadors,1910
Jah Khalib,1911
Mac Demarco,1912
Renzo Pianciola,1913
Central Ce,1914
Taira,1915
Ice Beats Slide,1916
Karik,1917
Israel Kamakawiwo'Ole,1918
Jey One,1919
Agust D,1920
Corwinn,1921
Chris Lebron,1922
Lilly Wood And The Prick,1923
Khushi Kakkar,1924
Kai,1925
Brockhampton,1926
Neon Trees,1927
Endor,1928
Tim Mcgraw,1929
Wine,1930
Wave To Earth,1931
Wren Evans,1932
Olexesh,1933
Dejavu Ff,1934
Mithoon,1935
Dan Ventura,1936
Vyrval,1937
David Morris,1938
Jesse & Joy,1939
Mc Ws Da Leste,1940
Luckreaper,1941
Luli Pampï¿½,1942
Campbell,1943
Danileigh,1944
Eslam Kabonga,1945
Pamokhol Id,1946
Daft Punk,1947
Vacations,1948
Soulja Boy,1949
Jamie Llewellyn,1950
Muppet Dj,1951
Jasmine Sandlas,1952
Ýýýýýýýýýýýýýýýýýýýýýýýý,1953
4*Town (From Disney And Pixarï¿½Ï¿½Ï¿½S Turnin,1954
Man With A Mission,1955
Ayaz Erdoï¿½Ï,1956
Naomi Scott,1957
Khea,1958
Iilliaa,1959
Betillo Guerrero,1960
Harmonicohco,1961
Bcd Studio,1962
Eric Land,1963
Lartiste,1964
Shaun,1965
Takeoff,1966
Grupo La Cumbia,1967
Yolyboy,1968
Young T & Bugsey,1969
Miksu / Macloud,1970
Peezy,1971
Jvla,1972
Lamis Kan,1973
Joel Sunny,1974
Seyhqnsert,1975
Wos,1976
Ambjaay,1977
Fadhilah Intan,1978
Hugh Jackman,1979
Nont Tanont,1980
Baby Flaco,1981
Cali Y El Dandee,1982
Sarah Jeffery,1983
Faouzia,1984
Timbaland,1985
The Beach Boys,1986
Meet Bros.,1987
Willy Paul,1988
Bubbatrees,1989
Ed Maverick,1990
Purpl,1991
Sr,1992
Serranow,1993
Steps,1994
Kerim Araz,1995
Jaques Raupï¿,1996
Bushido Zho,1997
